INSERT INTO DepartmentGroup VALUES (1, 'None','None')
INSERT INTO DepartmentGroup VALUES (2, 'Beer','Beer')
INSERT INTO DepartmentGroup VALUES (3, 'Liquor','Liquor')
INSERT INTO DepartmentGroup VALUES (4, 'Wine','Wine')
INSERT INTO DepartmentGroup VALUES (5, 'Tobacco','Tobacco')
INSERT INTO DepartmentGroup VALUES (6, 'Accessories','Accessories')
INSERT INTO DepartmentGroup VALUES (7, 'Miscellaneous','Miscellaneous')
INSERT INTO DepartmentGroup VALUES (8, 'Discontinued','Discontinued')

INSERT INTO SalesTaxGroup VALUES (1, 'SalesTax1', 0.07)
INSERT INTO SalesTaxGroup VALUES (2, 'SalesTax2', 0.0)

INSERT INTO Department (DepartmentID, Name, LookupCode, Markup, DepartmentGroupID, SalesTaxGroupID, DBTimeStamp) VALUES (01, 'Beer', '01', 25.0, 1, 1, CURRENT_TIMESTAMP())
INSERT INTO Department (DepartmentID, Name, LookupCode, Markup, DepartmentGroupID, SalesTaxGroupID, DBTimeStamp) VALUES (02, 'Champagne', '02', 50.0, 1, 1, CURRENT_TIMESTAMP())
INSERT INTO Department (DepartmentID, Name, LookupCode, Markup, DepartmentGroupID, SalesTaxGroupID, DBTimeStamp) VALUES (03, 'Wine Domestic', '03', 50.0, 1, 1, CURRENT_TIMESTAMP())
INSERT INTO Department (DepartmentID, Name, LookupCode, Markup, DepartmentGroupID, SalesTaxGroupID, DBTimeStamp) VALUES (04, 'Wine Imported', '04', 50.0, 1, 1, CURRENT_TIMESTAMP())
INSERT INTO Department (DepartmentID, Name, LookupCode, Markup, DepartmentGroupID, SalesTaxGroupID, DBTimeStamp) VALUES (05, 'Vermouth', '05', 50.0, 1, 1, CURRENT_TIMESTAMP())
INSERT INTO Department (DepartmentID, Name, LookupCode, Markup, DepartmentGroupID, SalesTaxGroupID, DBTimeStamp) VALUES (06, 'Whiskey', '06', 35.0, 1, 1, CURRENT_TIMESTAMP())
INSERT INTO Department (DepartmentID, Name, LookupCode, Markup, DepartmentGroupID, SalesTaxGroupID, DBTimeStamp) VALUES (07, 'Scotch', '07', 35.0, 1, 1, CURRENT_TIMESTAMP())
INSERT INTO Department (DepartmentID, Name, LookupCode, Markup, DepartmentGroupID, SalesTaxGroupID, DBTimeStamp) VALUES (08, 'Brandy', '08', 35.0, 1, 1, CURRENT_TIMESTAMP())
INSERT INTO Department (DepartmentID, Name, LookupCode, Markup, DepartmentGroupID, SalesTaxGroupID, DBTimeStamp) VALUES (09, 'Gin', '09', 35.0, 1, 1, CURRENT_TIMESTAMP())
INSERT INTO Department (DepartmentID, Name, LookupCode, Markup, DepartmentGroupID, SalesTaxGroupID, DBTimeStamp) VALUES (10, 'Vodka', 10, 35.0, 1, 1, CURRENT_TIMESTAMP())
INSERT INTO Department (DepartmentID, Name, LookupCode, Markup, DepartmentGroupID, SalesTaxGroupID, DBTimeStamp) VALUES (11, 'Rum', 11, 35.0, 1, 1, CURRENT_TIMESTAMP())

INSERT INTO SubDepartment (SubDepartmentID, DepartmentID, Name, LookupCode, DBTimeStamp)VALUES (01, 01, 'Domestic Beer', '101', CURRENT_TIMESTAMP())
INSERT INTO SubDepartment (SubDepartmentID, DepartmentID, Name, LookupCode, DBTimeStamp)VALUES (02, 01, 'Imported Beer', '102', CURRENT_TIMESTAMP())
INSERT INTO SubDepartment (SubDepartmentID, DepartmentID, Name, LookupCode, DBTimeStamp)VALUES (03, 01, 'Micro Brew', '103', CURRENT_TIMESTAMP())
INSERT INTO SubDepartment (SubDepartmentID, DepartmentID, Name, LookupCode, DBTimeStamp)VALUES (04, 01, 'Other Misc Beer', '104', CURRENT_TIMESTAMP())
INSERT INTO SubDepartment (SubDepartmentID, DepartmentID, Name, LookupCode, DBTimeStamp)VALUES (05, 01, 'Non Alcoholic', '105', CURRENT_TIMESTAMP())
INSERT INTO SubDepartment (SubDepartmentID, DepartmentID, Name, LookupCode, DBTimeStamp)VALUES (06, 01, 'Kegs', '106', CURRENT_TIMESTAMP())
INSERT INTO SubDepartment (SubDepartmentID, DepartmentID, Name, LookupCode, DBTimeStamp)VALUES (07, 01, 'Gift Sets', '107', CURRENT_TIMESTAMP())
INSERT INTO SubDepartment (SubDepartmentID, DepartmentID, Name, LookupCode, DBTimeStamp)VALUES (08, 02, 'Imported', '201', CURRENT_TIMESTAMP())
INSERT INTO SubDepartment (SubDepartmentID, DepartmentID, Name, LookupCode, DBTimeStamp)VALUES (09, 02, 'Domestic', '202', CURRENT_TIMESTAMP())
INSERT INTO SubDepartment (SubDepartmentID, DepartmentID, Name, LookupCode, DBTimeStamp)VALUES (10, 02, 'Gift Sets', '203', CURRENT_TIMESTAMP())
INSERT INTO SubDepartment (SubDepartmentID, DepartmentID, Name, LookupCode, DBTimeStamp)VALUES (11, 02, 'Other', '204', CURRENT_TIMESTAMP())
INSERT INTO SubDepartment (SubDepartmentID, DepartmentID, Name, LookupCode, DBTimeStamp)VALUES (12, 03, 'California Cab Sauv.', '301', CURRENT_TIMESTAMP())
INSERT INTO SubDepartment (SubDepartmentID, DepartmentID, Name, LookupCode, DBTimeStamp)VALUES (13, 03, 'California Chardonnay', '302', CURRENT_TIMESTAMP())
INSERT INTO SubDepartment (SubDepartmentID, DepartmentID, Name, LookupCode, DBTimeStamp)VALUES (14, 03, 'California Zinfandel', '305', CURRENT_TIMESTAMP())
INSERT INTO SubDepartment (SubDepartmentID, DepartmentID, Name, LookupCode, DBTimeStamp)VALUES (15, 03, 'California Bland', '309', CURRENT_TIMESTAMP())
INSERT INTO SubDepartment (SubDepartmentID, DepartmentID, Name, LookupCode, DBTimeStamp)VALUES (16, 03, 'New York', '310', CURRENT_TIMESTAMP())
INSERT INTO SubDepartment (SubDepartmentID, DepartmentID, Name, LookupCode, DBTimeStamp)VALUES (17, 03, 'Oregon', '311', CURRENT_TIMESTAMP())
INSERT INTO SubDepartment (SubDepartmentID, DepartmentID, Name, LookupCode, DBTimeStamp)VALUES (18, 03, 'Washington', '312', CURRENT_TIMESTAMP())
INSERT INTO SubDepartment (SubDepartmentID, DepartmentID, Name, LookupCode, DBTimeStamp)VALUES (19, 03, 'Ports & Sherry', '313', CURRENT_TIMESTAMP())
INSERT INTO SubDepartment (SubDepartmentID, DepartmentID, Name, LookupCode, DBTimeStamp)VALUES (20, 03, 'Jug Wine', '314', CURRENT_TIMESTAMP())
INSERT INTO SubDepartment (SubDepartmentID, DepartmentID, Name, LookupCode, DBTimeStamp)VALUES (21, 03, 'Box Wine', '315', CURRENT_TIMESTAMP())
INSERT INTO SubDepartment (SubDepartmentID, DepartmentID, Name, LookupCode, DBTimeStamp)VALUES (22, 03, 'Other Domestic Wine', '316', CURRENT_TIMESTAMP())
INSERT INTO SubDepartment (SubDepartmentID, DepartmentID, Name, LookupCode, DBTimeStamp)VALUES (23, 03, 'Gift Sets', '317', CURRENT_TIMESTAMP())
INSERT INTO SubDepartment (SubDepartmentID, DepartmentID, Name, LookupCode, DBTimeStamp)VALUES (24, 04, 'French Burgundy Red', '402', CURRENT_TIMESTAMP())
INSERT INTO SubDepartment (SubDepartmentID, DepartmentID, Name, LookupCode, DBTimeStamp)VALUES (25, 04, 'French Other White', '406', CURRENT_TIMESTAMP())
INSERT INTO SubDepartment (SubDepartmentID, DepartmentID, Name, LookupCode, DBTimeStamp)VALUES (26, 04, 'French Alsace', '407', CURRENT_TIMESTAMP())
INSERT INTO SubDepartment (SubDepartmentID, DepartmentID, Name, LookupCode, DBTimeStamp)VALUES (27, 04, 'Austrailian', '413', CURRENT_TIMESTAMP())
INSERT INTO SubDepartment (SubDepartmentID, DepartmentID, Name, LookupCode, DBTimeStamp)VALUES (28, 04, 'Argentinian', '414', CURRENT_TIMESTAMP())
INSERT INTO SubDepartment (SubDepartmentID, DepartmentID, Name, LookupCode, DBTimeStamp)VALUES (29, 04, 'Austria', '415', CURRENT_TIMESTAMP())
INSERT INTO SubDepartment (SubDepartmentID, DepartmentID, Name, LookupCode, DBTimeStamp)VALUES (30, 04, 'Chillian', '416', CURRENT_TIMESTAMP())
INSERT INTO SubDepartment (SubDepartmentID, DepartmentID, Name, LookupCode, DBTimeStamp)VALUES (31, 04, 'German', '417', CURRENT_TIMESTAMP())
INSERT INTO SubDepartment (SubDepartmentID, DepartmentID, Name, LookupCode, DBTimeStamp)VALUES (32, 04, 'Greek', '418', CURRENT_TIMESTAMP())
INSERT INTO SubDepartment (SubDepartmentID, DepartmentID, Name, LookupCode, DBTimeStamp)VALUES (33, 04, 'Hungary', '419', CURRENT_TIMESTAMP())
INSERT INTO SubDepartment (SubDepartmentID, DepartmentID, Name, LookupCode, DBTimeStamp)VALUES (34, 04, 'Newzealand', '420', CURRENT_TIMESTAMP())
INSERT INTO SubDepartment (SubDepartmentID, DepartmentID, Name, LookupCode, DBTimeStamp)VALUES (35, 04, 'Japanese', '421', CURRENT_TIMESTAMP())
INSERT INTO SubDepartment (SubDepartmentID, DepartmentID, Name, LookupCode, DBTimeStamp)VALUES (36, 04, 'South Africa', '422', CURRENT_TIMESTAMP())
INSERT INTO SubDepartment (SubDepartmentID, DepartmentID, Name, LookupCode, DBTimeStamp)VALUES (37, 04, 'Portuguese', '423', CURRENT_TIMESTAMP())
INSERT INTO SubDepartment (SubDepartmentID, DepartmentID, Name, LookupCode, DBTimeStamp)VALUES (38, 04, 'Russian', '424', CURRENT_TIMESTAMP())
INSERT INTO SubDepartment (SubDepartmentID, DepartmentID, Name, LookupCode, DBTimeStamp)VALUES (39, 04, 'Spanish', '425', CURRENT_TIMESTAMP())
INSERT INTO SubDepartment (SubDepartmentID, DepartmentID, Name, LookupCode, DBTimeStamp)VALUES (40, 04, 'Ports & Sherry', '426', CURRENT_TIMESTAMP())
INSERT INTO SubDepartment (SubDepartmentID, DepartmentID, Name, LookupCode, DBTimeStamp)VALUES (41, 04, 'Other Imports', '427', CURRENT_TIMESTAMP())
INSERT INTO SubDepartment (SubDepartmentID, DepartmentID, Name, LookupCode, DBTimeStamp)VALUES (42, 04, 'Gift Sets', '428', CURRENT_TIMESTAMP())
INSERT INTO SubDepartment (SubDepartmentID, DepartmentID, Name, LookupCode, DBTimeStamp)VALUES (43, 05, 'Imported', '501', CURRENT_TIMESTAMP())
INSERT INTO SubDepartment (SubDepartmentID, DepartmentID, Name, LookupCode, DBTimeStamp)VALUES (44, 05, 'Domestic', '502', CURRENT_TIMESTAMP())
INSERT INTO SubDepartment (SubDepartmentID, DepartmentID, Name, LookupCode, DBTimeStamp)VALUES (45, 06, 'Domestic Blended', '601', CURRENT_TIMESTAMP())
INSERT INTO SubDepartment (SubDepartmentID, DepartmentID, Name, LookupCode, DBTimeStamp)VALUES (46, 06, 'Burbon', '602', CURRENT_TIMESTAMP())
INSERT INTO SubDepartment (SubDepartmentID, DepartmentID, Name, LookupCode, DBTimeStamp)VALUES (47, 06, 'Canadian', '603', CURRENT_TIMESTAMP())
INSERT INTO SubDepartment (SubDepartmentID, DepartmentID, Name, LookupCode, DBTimeStamp)VALUES (48, 06, 'Irish', '604', CURRENT_TIMESTAMP())
INSERT INTO SubDepartment (SubDepartmentID, DepartmentID, Name, LookupCode, DBTimeStamp)VALUES (49, 06, 'Corn', '605', CURRENT_TIMESTAMP())
INSERT INTO SubDepartment (SubDepartmentID, DepartmentID, Name, LookupCode, DBTimeStamp)VALUES (50, 06, 'Rye', '606', CURRENT_TIMESTAMP())
INSERT INTO SubDepartment (SubDepartmentID, DepartmentID, Name, LookupCode, DBTimeStamp)VALUES (51, 06, 'Other Liquor', '607', CURRENT_TIMESTAMP())
INSERT INTO SubDepartment (SubDepartmentID, DepartmentID, Name, LookupCode, DBTimeStamp)VALUES (52, 06, 'Gift Sets', '608', CURRENT_TIMESTAMP())
INSERT INTO SubDepartment (SubDepartmentID, DepartmentID, Name, LookupCode, DBTimeStamp)VALUES (53, 07, 'Scotch', '701', CURRENT_TIMESTAMP())
INSERT INTO SubDepartment (SubDepartmentID, DepartmentID, Name, LookupCode, DBTimeStamp)VALUES (54, 07, 'Single Malt', '702', CURRENT_TIMESTAMP())
INSERT INTO SubDepartment (SubDepartmentID, DepartmentID, Name, LookupCode, DBTimeStamp)VALUES (55, 07, 'Scotch Other', '703', CURRENT_TIMESTAMP())
INSERT INTO SubDepartment (SubDepartmentID, DepartmentID, Name, LookupCode, DBTimeStamp)VALUES (56, 07, 'Gift Sets', '704', CURRENT_TIMESTAMP())
INSERT INTO SubDepartment (SubDepartmentID, DepartmentID, Name, LookupCode, DBTimeStamp)VALUES (57, 08, 'Domestic', '801', CURRENT_TIMESTAMP())
INSERT INTO SubDepartment (SubDepartmentID, DepartmentID, Name, LookupCode, DBTimeStamp)VALUES (58, 08, 'Cognac', '802', CURRENT_TIMESTAMP())
INSERT INTO SubDepartment (SubDepartmentID, DepartmentID, Name, LookupCode, DBTimeStamp)VALUES (59, 08, 'French', '803', CURRENT_TIMESTAMP())
INSERT INTO SubDepartment (SubDepartmentID, DepartmentID, Name, LookupCode, DBTimeStamp)VALUES (60, 08, 'Spanish', '804', CURRENT_TIMESTAMP())
INSERT INTO SubDepartment (SubDepartmentID, DepartmentID, Name, LookupCode, DBTimeStamp)VALUES (61, 08, 'Other Brandy', '805', CURRENT_TIMESTAMP())
INSERT INTO SubDepartment (SubDepartmentID, DepartmentID, Name, LookupCode, DBTimeStamp)VALUES (62, 08, 'Gift Sets', '806', CURRENT_TIMESTAMP())
INSERT INTO SubDepartment (SubDepartmentID, DepartmentID, Name, LookupCode, DBTimeStamp)VALUES (63, 09, 'Domestic', '901', CURRENT_TIMESTAMP())
INSERT INTO SubDepartment (SubDepartmentID, DepartmentID, Name, LookupCode, DBTimeStamp)VALUES (64, 09, 'Imported', '902', CURRENT_TIMESTAMP())
INSERT INTO SubDepartment (SubDepartmentID, DepartmentID, Name, LookupCode, DBTimeStamp)VALUES (65, 09, 'Gift Sets', '903', CURRENT_TIMESTAMP())
INSERT INTO SubDepartment (SubDepartmentID, DepartmentID, Name, LookupCode, DBTimeStamp)VALUES (66, 10, 'Domestic', '1001', CURRENT_TIMESTAMP())
INSERT INTO SubDepartment (SubDepartmentID, DepartmentID, Name, LookupCode, DBTimeStamp)VALUES (67, 10, 'Imported', '1002', CURRENT_TIMESTAMP())
INSERT INTO SubDepartment (SubDepartmentID, DepartmentID, Name, LookupCode, DBTimeStamp)VALUES (68, 10, 'Gift Sets', '1003', CURRENT_TIMESTAMP())
INSERT INTO SubDepartment (SubDepartmentID, DepartmentID, Name, LookupCode, DBTimeStamp)VALUES (69, 11, 'Dark', '1101', CURRENT_TIMESTAMP())
INSERT INTO SubDepartment (SubDepartmentID, DepartmentID, Name, LookupCode, DBTimeStamp)VALUES (70, 11, 'Light', '1102', CURRENT_TIMESTAMP())
INSERT INTO SubDepartment (SubDepartmentID, DepartmentID, Name, LookupCode, DBTimeStamp)VALUES (71, 11, 'Gift Set', '1103', CURRENT_TIMESTAMP())

INSERT INTO SizeCodeDefinition (SizeCodeID, BottleSize, LookupCode, UnitPerCase, PackPerCase, DBTimeStamp) VALUES (01, 'EACH', '001', 1,0, CURRENT_TIMESTAMP())
INSERT INTO SizeCodeDefinition (SizeCodeID, BottleSize, LookupCode, UnitPerCase, PackPerCase, DBTimeStamp) VALUES (02, '60 L', '002', 1,0, CURRENT_TIMESTAMP())
INSERT INTO SizeCodeDefinition (SizeCodeID, BottleSize, LookupCode, UnitPerCase, PackPerCase, DBTimeStamp) VALUES (03, 'EACH', '006', 15,0, CURRENT_TIMESTAMP())
INSERT INTO SizeCodeDefinition (SizeCodeID, BottleSize, LookupCode, UnitPerCase, PackPerCase, DBTimeStamp) VALUES (04, 'EACH', '015', 60,0, CURRENT_TIMESTAMP())
INSERT INTO SizeCodeDefinition (SizeCodeID, BottleSize, LookupCode, UnitPerCase, PackPerCase, DBTimeStamp) VALUES (05, 'EACH', '026', 30,0, CURRENT_TIMESTAMP())
INSERT INTO SizeCodeDefinition (SizeCodeID, BottleSize, LookupCode, UnitPerCase, PackPerCase, DBTimeStamp) VALUES (06, '18 L', '040', 1,0, CURRENT_TIMESTAMP())
INSERT INTO SizeCodeDefinition (SizeCodeID, BottleSize, LookupCode, UnitPerCase, PackPerCase, DBTimeStamp) VALUES (07, '10 L', '060', 1,0, CURRENT_TIMESTAMP())
INSERT INTO SizeCodeDefinition (SizeCodeID, BottleSize, LookupCode, UnitPerCase, PackPerCase, DBTimeStamp) VALUES (08, '9 L', '065', 1,0, CURRENT_TIMESTAMP())
INSERT INTO SizeCodeDefinition (SizeCodeID, BottleSize, LookupCode, UnitPerCase, PackPerCase, DBTimeStamp) VALUES (09, '4 L', '095', 1,0, CURRENT_TIMESTAMP())
INSERT INTO SizeCodeDefinition (SizeCodeID, BottleSize, LookupCode, UnitPerCase, PackPerCase, DBTimeStamp) VALUES (10, '2 L', '098', 8,0, CURRENT_TIMESTAMP())
INSERT INTO SizeCodeDefinition (SizeCodeID, BottleSize, LookupCode, UnitPerCase, PackPerCase, DBTimeStamp) VALUES (11, '3 L', '103', 1,0, CURRENT_TIMESTAMP())
INSERT INTO SizeCodeDefinition (SizeCodeID, BottleSize, LookupCode, UnitPerCase, PackPerCase, DBTimeStamp) VALUES (12, '3 L', '105', 3,0, CURRENT_TIMESTAMP())
INSERT INTO SizeCodeDefinition (SizeCodeID, BottleSize, LookupCode, UnitPerCase, PackPerCase, DBTimeStamp) VALUES (13, '125 ML', '107', 48,0, CURRENT_TIMESTAMP())
INSERT INTO SizeCodeDefinition (SizeCodeID, BottleSize, LookupCode, UnitPerCase, PackPerCase, DBTimeStamp) VALUES (14, '1.75 L', '133', 3,0, CURRENT_TIMESTAMP())
INSERT INTO SizeCodeDefinition (SizeCodeID, BottleSize, LookupCode, UnitPerCase, PackPerCase, DBTimeStamp) VALUES (15, '1.75 L', '135', 1,0, CURRENT_TIMESTAMP())
INSERT INTO SizeCodeDefinition (SizeCodeID, BottleSize, LookupCode, UnitPerCase, PackPerCase, DBTimeStamp) VALUES (16, '57 OZ', '160', 12,0, CURRENT_TIMESTAMP())
INSERT INTO SizeCodeDefinition (SizeCodeID, BottleSize, LookupCode, UnitPerCase, PackPerCase, DBTimeStamp) VALUES (17, '1.5 L', '223', 3,0, CURRENT_TIMESTAMP())
INSERT INTO SizeCodeDefinition (SizeCodeID, BottleSize, LookupCode, UnitPerCase, PackPerCase, DBTimeStamp) VALUES (18, '1.5 L', '225', 1,0, CURRENT_TIMESTAMP())
INSERT INTO SizeCodeDefinition (SizeCodeID, BottleSize, LookupCode, UnitPerCase, PackPerCase, DBTimeStamp) VALUES (19, '50 OZ', '240', 6,0, CURRENT_TIMESTAMP())
INSERT INTO SizeCodeDefinition (SizeCodeID, BottleSize, LookupCode, UnitPerCase, PackPerCase, DBTimeStamp) VALUES (20, '48 OZ', '250', 6,0, CURRENT_TIMESTAMP())
INSERT INTO SizeCodeDefinition (SizeCodeID, BottleSize, LookupCode, UnitPerCase, PackPerCase, DBTimeStamp) VALUES (21, '1 L', '279', 15,0, CURRENT_TIMESTAMP())
INSERT INTO SizeCodeDefinition (SizeCodeID, BottleSize, LookupCode, UnitPerCase, PackPerCase, DBTimeStamp) VALUES (22, '1 L', '280', 12,0, CURRENT_TIMESTAMP())
INSERT INTO SizeCodeDefinition (SizeCodeID, BottleSize, LookupCode, UnitPerCase, PackPerCase, DBTimeStamp) VALUES (23, '1 L', '282', 14,0, CURRENT_TIMESTAMP())
INSERT INTO SizeCodeDefinition (SizeCodeID, BottleSize, LookupCode, UnitPerCase, PackPerCase, DBTimeStamp) VALUES (24, 'QT', '300', 12,0, CURRENT_TIMESTAMP())
INSERT INTO SizeCodeDefinition (SizeCodeID, BottleSize, LookupCode, UnitPerCase, PackPerCase, DBTimeStamp) VALUES (25, '0404B', '301', 4,1, CURRENT_TIMESTAMP())
INSERT INTO SizeCodeDefinition (SizeCodeID, BottleSize, LookupCode, UnitPerCase, PackPerCase, DBTimeStamp) VALUES (26, '2424P', '305', 24,1, CURRENT_TIMESTAMP())
INSERT INTO SizeCodeDefinition (SizeCodeID, BottleSize, LookupCode, UnitPerCase, PackPerCase, DBTimeStamp) VALUES (27, '4040P', '306', 40,1, CURRENT_TIMESTAMP())
INSERT INTO SizeCodeDefinition (SizeCodeID, BottleSize, LookupCode, UnitPerCase, PackPerCase, DBTimeStamp) VALUES (28, '3636P', '307', 36,1, CURRENT_TIMESTAMP())
INSERT INTO SizeCodeDefinition (SizeCodeID, BottleSize, LookupCode, UnitPerCase, PackPerCase, DBTimeStamp) VALUES (29, '1 L', '330', 13,0, CURRENT_TIMESTAMP())
INSERT INTO SizeCodeDefinition (SizeCodeID, BottleSize, LookupCode, UnitPerCase, PackPerCase, DBTimeStamp) VALUES (30, '770 ML', '350', 12,0, CURRENT_TIMESTAMP())
INSERT INTO SizeCodeDefinition (SizeCodeID, BottleSize, LookupCode, UnitPerCase, PackPerCase, DBTimeStamp) VALUES (31, '720 ML', '410', 12,0, CURRENT_TIMESTAMP())
INSERT INTO SizeCodeDefinition (SizeCodeID, BottleSize, LookupCode, UnitPerCase, PackPerCase, DBTimeStamp) VALUES (32, '700 ML', '430', 12,0, CURRENT_TIMESTAMP())
INSERT INTO SizeCodeDefinition (SizeCodeID, BottleSize, LookupCode, UnitPerCase, PackPerCase, DBTimeStamp) VALUES (33, '24 OZ', '490', 12,0, CURRENT_TIMESTAMP())
INSERT INTO SizeCodeDefinition (SizeCodeID, BottleSize, LookupCode, UnitPerCase, PackPerCase, DBTimeStamp) VALUES (34, '24 OZ', '494', 6,0, CURRENT_TIMESTAMP())
INSERT INTO SizeCodeDefinition (SizeCodeID, BottleSize, LookupCode, UnitPerCase, PackPerCase, DBTimeStamp) VALUES (35, '1.5 L', '500', 4,0, CURRENT_TIMESTAMP())
INSERT INTO SizeCodeDefinition (SizeCodeID, BottleSize, LookupCode, UnitPerCase, PackPerCase, DBTimeStamp) VALUES (36, '23 OZ', '510', 12,0, CURRENT_TIMESTAMP())
INSERT INTO SizeCodeDefinition (SizeCodeID, BottleSize, LookupCode, UnitPerCase, PackPerCase, DBTimeStamp) VALUES (37, '22 OZ', '534', 12,0, CURRENT_TIMESTAMP())
INSERT INTO SizeCodeDefinition (SizeCodeID, BottleSize, LookupCode, UnitPerCase, PackPerCase, DBTimeStamp) VALUES (38, '500 ML', '560', 24,0, CURRENT_TIMESTAMP())
INSERT INTO SizeCodeDefinition (SizeCodeID, BottleSize, LookupCode, UnitPerCase, PackPerCase, DBTimeStamp) VALUES (39, '500 ML', '569', 9,0, CURRENT_TIMESTAMP())
INSERT INTO SizeCodeDefinition (SizeCodeID, BottleSize, LookupCode, UnitPerCase, PackPerCase, DBTimeStamp) VALUES (40, '473 ML', '590', 12,0, CURRENT_TIMESTAMP())
INSERT INTO SizeCodeDefinition (SizeCodeID, BottleSize, LookupCode, UnitPerCase, PackPerCase, DBTimeStamp) VALUES (41, '375 ML', '604', 60,0, CURRENT_TIMESTAMP())
INSERT INTO SizeCodeDefinition (SizeCodeID, BottleSize, LookupCode, UnitPerCase, PackPerCase, DBTimeStamp) VALUES (42, '375 ML', '619', 3,0, CURRENT_TIMESTAMP())
INSERT INTO SizeCodeDefinition (SizeCodeID, BottleSize, LookupCode, UnitPerCase, PackPerCase, DBTimeStamp) VALUES (43, '375 ML', '621', 1,0, CURRENT_TIMESTAMP())
INSERT INTO SizeCodeDefinition (SizeCodeID, BottleSize, LookupCode, UnitPerCase, PackPerCase, DBTimeStamp) VALUES (44, '355 ML', '625', 24,0, CURRENT_TIMESTAMP())
INSERT INTO SizeCodeDefinition (SizeCodeID, BottleSize, LookupCode, UnitPerCase, PackPerCase, DBTimeStamp) VALUES (45, '355 ML', '626', 12,0, CURRENT_TIMESTAMP())
INSERT INTO SizeCodeDefinition (SizeCodeID, BottleSize, LookupCode, UnitPerCase, PackPerCase, DBTimeStamp) VALUES (46, '355 ML', '628', 4,0, CURRENT_TIMESTAMP())
INSERT INTO SizeCodeDefinition (SizeCodeID, BottleSize, LookupCode, UnitPerCase, PackPerCase, DBTimeStamp) VALUES (47, '12 OZ', '630', 9,0, CURRENT_TIMESTAMP())
INSERT INTO SizeCodeDefinition (SizeCodeID, BottleSize, LookupCode, UnitPerCase, PackPerCase, DBTimeStamp) VALUES (48, '12 OZ', '658', 6,0, CURRENT_TIMESTAMP())
INSERT INTO SizeCodeDefinition (SizeCodeID, BottleSize, LookupCode, UnitPerCase, PackPerCase, DBTimeStamp) VALUES (49, '9 OZ', '712', 6,0, CURRENT_TIMESTAMP())
INSERT INTO SizeCodeDefinition (SizeCodeID, BottleSize, LookupCode, UnitPerCase, PackPerCase, DBTimeStamp) VALUES (50, '200 ML', '793', 1,0, CURRENT_TIMESTAMP())

